dir,entry,sl,tp,size,bars,open_idx,open_time,buy_p,sell_p,result,pnl,close_idx,close_time,equity
buy,3362.05,3356.766785714286,3369.094285714286,1.8927871290475653,4,2412,2025-06-23 15:50:00,0.545,0.383,tp,13.33,2417,2025-06-23 16:15:00,1013.33
buy,3382.94,3376.357142857143,3391.717142857143,1.5393518518519003,26,2469,2025-06-23 20:35:00,0.53,0.347,sl,-10.13,2496,2025-06-23 22:50:00,1003.2
sell,3350.82,3353.687142857143,3346.997142857143,3.4989536621823345,12,2582,2025-06-24 07:00:00,0.366,0.624,tp,13.38,2595,2025-06-24 08:05:00,1016.58
sell,3324.21,3327.1275,3320.32,3.4844078834618473,3,2671,2025-06-24 14:25:00,0.586,0.379,tp,13.55,2675,2025-06-24 14:45:00,1030.13
sell,3312.7,3317.8117857142856,3305.8842857142854,2.015206435175441,9,2726,2025-06-24 19:00:00,0.532,0.406,sl,-10.3,2736,2025-06-24 19:50:00,1019.83
sell,3281.7,3285.72,3276.3399999999997,2.53688816716419,10,3793,2025-06-30 15:55:00,0.57,0.377,sl,-10.2,3804,2025-06-30 16:50:00,1009.63
buy,3347.16,3342.852857142857,3352.902857142857,2.344084666459658,4,4341,2025-07-02 15:35:00,0.269,0.694,sl,-10.1,4346,2025-07-02 16:00:00,999.53
buy,3335.21,3332.0182142857143,3339.4657142857145,3.131583805161542,7,4677,2025-07-04 13:00:00,0.848,0.095,sl,-10.0,4685,2025-07-04 13:40:00,989.54
buy,3337.47,3334.617857142857,3341.272857142857,3.469458404966216,9,4686,2025-07-04 13:45:00,0.408,0.504,sl,-9.9,4696,2025-07-04 14:55:00,979.64
sell,3311.53,3314.877142857143,3307.067142857143,2.926805791062815,1,4850,2025-07-07 08:45:00,0.35,0.531,sl,-9.8,4852,2025-07-07 08:55:00,969.85
sell,3329.07,3333.086785714286,3323.714285714286,2.414485963821517,6,5207,2025-07-08 15:30:00,0.573,0.289,tp,12.93,5214,2025-07-08 16:05:00,982.78
sell,3290.15,3292.735357142857,3286.7028571428573,3.8013261431466945,0,5458,2025-07-09 13:25:00,0.559,0.375,sl,-9.83,5459,2025-07-09 13:30:00,972.95
buy,3332.24,3330.295357142857,3334.832857142857,5.0032363545888705,4,5944,2025-07-11 07:55:00,0.376,0.601,tp,12.97,5949,2025-07-11 08:20:00,985.92
buy,3334.6,3330.8017857142854,3339.6642857142856,2.5957552336696366,5,5972,2025-07-11 10:15:00,0.399,0.21,tp,13.15,5978,2025-07-11 10:45:00,999.07
buy,3354.77,3351.1485714285714,3359.598571428571,2.758770710277323,5,6084,2025-07-11 19:35:00,0.274,0.718,sl,-9.99,6090,2025-07-11 20:05:00,989.08
sell,3350.79,3352.630714285714,3348.3357142857144,5.37334025071668,2,6376,2025-07-14 20:55:00,0.619,0.377,tp,13.19,6379,2025-07-14 21:10:00,1002.27
buy,3360.71,3357.4410714285714,3365.0685714285714,3.0660386315108483,6,6523,2025-07-15 10:10:00,0.286,0.525,tp,13.36,6530,2025-07-15 10:45:00,1015.63
buy,3362.74,3359.6328571428567,3366.882857142857,3.2686932125065242,7,6540,2025-07-15 11:35:00,0.41,0.521,sl,-10.16,6548,2025-07-15 12:15:00,1005.47
sell,3342.4,3344.5417857142857,3339.5442857142857,4.694556384746217,4,7045,2025-07-17 07:50:00,0.543,0.389,tp,13.41,7050,2025-07-17 08:15:00,1018.88
sell,3335.3,3337.3764285714287,3332.5314285714285,4.906885340186729,1,7328,2025-07-18 08:30:00,0.616,0.373,sl,-10.19,7330,2025-07-18 08:40:00,1008.69
buy,3394.89,3392.1675,3398.52,3.7050170607593356,5,7738,2025-07-21 19:50:00,0.335,0.636,sl,-10.09,7744,2025-07-21 20:20:00,998.6
sell,3388.96,3391.171428571429,3386.0114285714285,4.515651098776283,6,7915,2025-07-22 11:45:00,0.341,0.619,tp,13.31,7922,2025-07-22 12:20:00,1011.92
buy,3423.13,3420.1321428571428,3427.127142857143,3.375473404614988,9,8212,2025-07-23 13:40:00,0.732,0.242,tp,13.49,8222,2025-07-23 14:30:00,1025.41
buy,3370.83,3368.31,3374.1899999999996,4.069091091522811,1,8558,2025-07-24 19:40:00,0.29,0.706,sl,-10.25,8560,2025-07-24 19:50:00,1015.16
buy,3369.41,3366.9392857142857,3372.7042857142856,4.10875855368145,16,8564,2025-07-24 20:10:00,0.43,0.553,tp,13.54,8581,2025-07-24 21:35:00,1028.69
sell,3343.51,3348.7664285714286,3336.5014285714287,1.957017499888537,2,8800,2025-07-25 17:00:00,0.559,0.284,tp,13.72,8803,2025-07-25 17:15:00,1042.41
buy,3339.14,3335.81,3343.58,3.130354856020725,8,8988,2025-07-28 09:50:00,0.319,0.546,sl,-10.42,8997,2025-07-28 10:35:00,1031.98
buy,3319.37,3316.7546428571427,3322.8571428571427,3.9458629510802536,0,9318,2025-07-29 14:30:00,0.757,0.238,sl,-10.32,9319,2025-07-29 14:35:00,1021.66
buy,3329.17,3325.9835714285714,3333.4185714285713,3.2062989068429357,8,9578,2025-07-30 13:20:00,0.278,0.586,sl,-10.22,9587,2025-07-30 14:05:00,1011.45
sell,3298.95,3300.8989285714283,3296.351428571428,5.189762297670184,1,9666,2025-07-30 20:40:00,0.61,0.354,sl,-10.11,9668,2025-07-30 20:50:00,1001.33
sell,3301.56,3303.4114285714286,3299.0914285714284,5.408435094483059,1,9668,2025-07-30 20:50:00,0.43,0.558,sl,-10.01,9670,2025-07-30 21:00:00,991.32
buy,3343.01,3339.0232142857144,3348.325714285714,2.48651386316425,1,10203,2025-08-01 19:45:00,0.418,0.57,tp,13.22,10205,2025-08-01 19:55:00,1004.54
buy,3375.32,3371.4585714285718,3380.4685714285715,2.6014656842302797,12,10463,2025-08-04 18:35:00,0.382,0.556,sl,-10.05,10476,2025-08-04 19:40:00,994.49
sell,3370.4,3372.967142857143,3366.977142857143,3.8739255019642913,5,10624,2025-08-05 09:10:00,0.609,0.332,tp,13.26,10630,2025-08-05 09:40:00,1007.75
sell,3371.84,3374.917142857143,3367.737142857143,3.2749597873984806,11,10644,2025-08-05 10:50:00,0.359,0.53,tp,13.44,10656,2025-08-05 11:50:00,1021.19
sell,3374.88,3377.5896428571427,3371.267142857143,3.768720299012075,3,10906,2025-08-06 09:50:00,0.601,0.384,tp,13.62,10910,2025-08-06 10:10:00,1034.8
buy,3392.64,3388.985357142857,3397.512857142857,2.831479004597945,4,11440,2025-08-08 08:40:00,0.752,0.233,tp,13.8,11445,2025-08-08 09:05:00,1048.6
sell,3388.54,3394.717857142857,3380.302857142857,1.6973552809248078,1,11528,2025-08-08 16:00:00,0.337,0.571,sl,-10.49,11530,2025-08-08 16:10:00,1038.12
sell,3357.09,3362.5778571428573,3349.7728571428574,1.891659711892699,5,11814,2025-08-11 17:00:00,0.582,0.312,tp,13.84,11820,2025-08-11 17:30:00,1051.96
sell,3349.26,3355.2182142857146,3341.3157142857144,1.7655581355101266,0,12072,2025-08-12 15:40:00,0.373,0.578,sl,-10.52,12073,2025-08-12 15:45:00,1041.44
buy,3354.11,3350.7007142857146,3358.655714285714,3.0547096491693404,1,12295,2025-08-13 11:25:00,0.354,0.635,tp,13.89,12297,2025-08-13 11:35:00,1055.32
buy,3361.09,3357.6035714285717,3365.7385714285715,3.026947526645795,1,12342,2025-08-13 15:20:00,0.572,0.374,sl,-10.55,12344,2025-08-13 15:30:00,1044.77
buy,3341.41,3338.4464285714284,3345.3614285714284,3.525376131304392,2,12827,2025-08-15 10:05:00,0.268,0.588,tp,13.93,12830,2025-08-15 10:20:00,1058.7
sell,3340.97,3343.8960714285713,3337.068571428571,3.618164134350109,5,12886,2025-08-15 15:00:00,0.323,0.583,tp,14.12,12892,2025-08-15 15:30:00,1072.82
sell,3341.18,3345.602857142857,3335.282857142857,2.4256191055206755,5,12900,2025-08-15 16:10:00,0.362,0.62,tp,14.3,12906,2025-08-15 16:40:00,1087.12
buy,3348.89,3345.6960714285715,3353.1485714285714,3.4037107491303757,9,13092,2025-08-18 09:20:00,0.377,0.517,tp,14.49,13102,2025-08-18 10:10:00,1101.62
buy,3336.72,3334.3724999999995,3339.85,4.692719260488885,2,13372,2025-08-19 09:50:00,0.335,0.629,tp,14.69,13375,2025-08-19 10:05:00,1116.3
buy,3325.2,3322.9821428571427,3328.157142857143,5.033255010497034,25,13671,2025-08-20 11:55:00,0.293,0.69,tp,14.88,13697,2025-08-20 14:05:00,1131.19
buy,3343.41,3340.4132142857143,3347.405714285714,3.7746713300032613,21,13756,2025-08-20 19:00:00,0.27,0.383,tp,15.08,13778,2025-08-20 20:50:00,1146.27
sell,3339.8,3342.309285714286,3336.454285714286,4.56811519477013,29,13935,2025-08-21 11:05:00,0.661,0.27,tp,15.28,13965,2025-08-21 13:35:00,1161.55
sell,3344.64,3347.966785714286,3340.2042857142856,3.491521029511577,1,13988,2025-08-21 15:30:00,0.494,0.383,tp,15.49,13990,2025-08-21 15:40:00,1177.04
buy,3372.24,3370.677857142857,3374.3228571428567,7.534788592083617,1,14600,2025-08-25 20:50:00,0.334,0.646,sl,-11.77,14602,2025-08-25 21:00:00,1165.27
buy,3396.78,3394.6178571428572,3399.6628571428573,5.389427427940033,9,15334,2025-08-28 13:30:00,0.255,0.74,tp,15.54,15344,2025-08-28 14:20:00,1180.81
buy,3401.48,3396.659642857143,3407.907142857143,2.449627934410157,5,15367,2025-08-28 16:15:00,0.283,0.623,tp,15.74,15373,2025-08-28 16:45:00,1196.55
buy,3411.19,3408.1814285714286,3415.2014285714286,3.977144263272737,4,15399,2025-08-28 18:55:00,0.414,0.568,tp,15.95,15404,2025-08-28 19:20:00,1212.51
sell,3409.08,3411.325714285714,3406.0857142857144,5.399201036491951,2,15629,2025-08-29 15:15:00,0.508,0.368,sl,-12.13,15632,2025-08-29 15:30:00,1200.38
buy,3478.12,3473.040357142857,3484.892857142857,2.3631213074798283,15,15851,2025-09-01 10:55:00,0.499,0.405,sl,-12.0,15867,2025-09-01 12:15:00,1188.38
buy,3473.96,3471.488214285714,3477.2557142857145,4.8077687635775765,6,15951,2025-09-01 19:15:00,0.296,0.698,tp,15.85,15958,2025-09-01 19:50:00,1204.22
sell,3481.43,3484.802857142857,3476.932857142857,3.570333387783176,3,16124,2025-09-02 13:15:00,0.54,0.431,sl,-12.04,16128,2025-09-02 13:35:00,1192.18
sell,3484.47,3487.8107142857143,3480.015714285714,3.56863868174919,9,16128,2025-09-02 13:35:00,0.538,0.406,tp,15.9,16138,2025-09-02 14:25:00,1208.08
buy,3534.93,3532.0810714285712,3538.7285714285713,4.240457170047861,4,16396,2025-09-03 13:05:00,0.563,0.436,tp,16.11,16401,2025-09-03 13:30:00,1224.18
sell,3535.71,3541.091785714286,3528.5342857142855,2.2746792667116424,11,16632,2025-09-04 09:55:00,0.523,0.313,sl,-12.24,16644,2025-09-04 10:55:00,1211.94
sell,3550.97,3553.888571428571,3547.078571428571,4.15251718690388,12,16944,2025-09-05 13:05:00,0.562,0.433,sl,-12.12,16957,2025-09-05 14:10:00,1199.82
sell,3551.04,3553.7807142857146,3547.385714285714,4.377772575822235,4,16962,2025-09-05 14:35:00,0.421,0.577,sl,-12.0,16967,2025-09-05 15:00:00,1187.82
buy,3651.24,3646.411071428571,3657.6785714285716,2.4598089253305853,0,17799,2025-09-10 15:40:00,0.432,0.54,sl,-11.88,17800,2025-09-10 15:45:00,1175.95
sell,3625.93,3630.7771428571427,3619.467142857143,2.4260599553935194,10,18008,2025-09-11 10:05:00,0.322,0.642,sl,-11.76,18019,2025-09-11 11:00:00,1164.19
buy,3651.0,3647.4525,3655.73,3.281709539661124,18,18278,2025-09-12 09:35:00,0.376,0.515,sl,-11.64,18297,2025-09-12 11:10:00,1152.54
buy,3642.1,3639.892857142857,3645.042857142857,5.2218848946404695,4,18550,2025-09-15 09:15:00,0.303,0.65,sl,-11.53,18555,2025-09-15 09:40:00,1141.02
buy,3639.82,3637.216428571429,3643.2914285714287,4.382515248613651,2,18555,2025-09-15 09:40:00,0.253,0.683,sl,-11.41,18558,2025-09-15 09:55:00,1129.61
sell,3642.97,3646.4007142857145,3638.395714285714,3.292634894936958,16,18572,2025-09-15 11:05:00,0.698,0.29,tp,15.06,18589,2025-09-15 12:30:00,1144.67
buy,3638.72,3635.6,3642.8799999999997,3.6688154164506077,1,18624,2025-09-15 15:25:00,0.373,0.613,tp,15.26,18626,2025-09-15 15:35:00,1159.93
buy,3692.97,3690.5014285714283,3696.2614285714285,4.698801374105658,5,18885,2025-09-16 14:10:00,0.373,0.617,tp,15.47,18891,2025-09-16 14:40:00,1175.4
sell,3689.73,3692.8714285714286,3685.5414285714287,3.741604892275668,38,18955,2025-09-16 20:00:00,0.595,0.29,sl,-11.75,18994,2025-09-16 23:15:00,1163.64
sell,3679.14,3681.1339285714284,3676.4814285714283,5.835938575341681,1,19091,2025-09-17 08:20:00,0.704,0.26,sl,-11.64,19093,2025-09-17 08:30:00,1152.01
sell,3671.42,3675.511785714286,3665.964285714286,2.8154163057929904,5,19174,2025-09-17 15:15:00,0.532,0.347,sl,-11.52,19180,2025-09-17 15:45:00,1140.49
buy,3684.51,3681.966428571429,3687.901428571429,4.483805443599779,5,19237,2025-09-17 20:30:00,0.388,0.593,sl,-11.4,19243,2025-09-17 21:00:00,1129.08
sell,3644.19,3646.9875,3640.46,4.036043118297194,33,19508,2025-09-18 20:05:00,0.245,0.744,sl,-11.29,19542,2025-09-18 22:55:00,1117.79
buy,3654.9,3652.8064285714286,3657.6914285714283,5.339164532269826,0,19712,2025-09-19 14:05:00,0.353,0.642,sl,-11.18,19713,2025-09-19 14:10:00,1106.61
buy,3783.59,3778.394642857143,3790.517142857143,2.1300062324386877,14,20277,2025-09-23 15:35:00,0.258,0.714,sl,-11.07,20292,2025-09-23 16:50:00,1095.55
buy,3784.36,3778.842142857143,3791.7171428571432,1.9854594599774438,0,20293,2025-09-23 16:55:00,0.45,0.349,sl,-10.96,20294,2025-09-23 17:00:00,1084.59
sell,3766.34,3769.5060714285714,3762.1185714285716,3.4256734540425757,0,20548,2025-09-24 15:10:00,0.333,0.658,sl,-10.85,20549,2025-09-24 15:15:00,1073.75
sell,3760.79,3765.98,3753.87,2.0688762192667824,7,20567,2025-09-24 16:45:00,0.592,0.393,tp,14.32,20575,2025-09-24 17:25:00,1088.06
sell,3736.95,3740.163214285714,3732.6657142857143,3.386214813230302,6,20738,2025-09-25 08:00:00,0.565,0.43,sl,-10.88,20745,2025-09-25 08:35:00,1077.18
sell,3737.59,3743.0114285714285,3730.361428571429,1.986898348345538,9,20875,2025-09-25 19:25:00,0.584,0.293,sl,-10.77,20885,2025-09-25 20:15:00,1066.41
buy,3752.92,3748.9728571428573,3758.1828571428573,2.7017287150385063,4,21029,2025-09-26 09:15:00,0.25,0.589,sl,-10.66,21034,2025-09-26 09:40:00,1055.75
buy,3743.02,3738.0389285714286,3749.6614285714286,2.1195175092148615,10,21040,2025-09-26 10:10:00,0.348,0.56,tp,14.08,21051,2025-09-26 11:05:00,1069.82
buy,3816.24,3810.946071428571,3823.298571428571,2.020849772450363,1,21328,2025-09-29 11:10:00,0.335,0.653,sl,-10.7,21330,2025-09-29 11:20:00,1059.13
buy,3810.45,3806.573571428571,3815.618571428571,2.732219054289772,0,21353,2025-09-29 13:15:00,0.778,0.206,tp,14.12,21354,2025-09-29 13:20:00,1073.25
buy,3818.26,3812.0875,3826.4900000000002,1.7387555607706189,1,21383,2025-09-29 15:45:00,0.324,0.545,sl,-10.73,21385,2025-09-29 15:55:00,1062.51
buy,3820.24,3813.4567857142856,3829.2842857142855,1.566387786723096,10,21389,2025-09-29 16:15:00,0.288,0.506,tp,14.17,21400,2025-09-29 17:10:00,1076.68
buy,3828.93,3825.495,3833.5099999999998,3.134443260172746,4,21442,2025-09-29 20:40:00,0.385,0.61,sl,-10.77,21447,2025-09-29 21:05:00,1065.91
sell,3814.72,3819.9164285714282,3807.7914285714282,2.05124429715315,10,21649,2025-09-30 14:55:00,0.564,0.408,sl,-10.66,21660,2025-09-30 15:50:00,1055.26
sell,3817.0,3823.948214285714,3807.7357142857145,1.518743175448084,5,21664,2025-09-30 16:10:00,0.659,0.307,sl,-10.55,21670,2025-09-30 16:40:00,1044.7
buy,3863.2,3857.8203571428567,3870.372857142857,1.941955586108795,6,21830,2025-10-01 07:00:00,0.416,0.281,sl,-10.45,21837,2025-10-01 07:35:00,1034.26
buy,3884.76,3880.884642857143,3889.9271428571433,2.668801052771247,1,21918,2025-10-01 14:20:00,0.639,0.351,sl,-10.34,21920,2025-10-01 14:30:00,1023.91
buy,3883.12,3879.1514285714284,3888.4114285714286,2.5800547715430078,5,21923,2025-10-01 14:45:00,0.804,0.188,tp,13.65,21929,2025-10-01 15:15:00,1037.57
buy,3866.53,3864.2457142857143,3869.5757142857146,4.542187232072465,4,22118,2025-10-02 08:00:00,0.362,0.626,tp,13.83,22123,2025-10-02 08:25:00,1051.4
buy,3873.46,3869.003928571429,3879.4014285714284,2.3594764176878047,2,22144,2025-10-02 10:10:00,0.251,0.697,sl,-10.51,22147,2025-10-02 10:25:00,1040.89
sell,3845.57,3851.2464285714286,3838.0014285714287,1.833697960919544,15,22268,2025-10-02 20:30:00,0.483,0.279,sl,-10.41,22284,2025-10-02 21:50:00,1030.48
buy,3860.33,3855.6189285714286,3866.6114285714284,2.1873510300164156,9,22474,2025-10-03 14:40:00,0.329,0.421,tp,13.74,22484,2025-10-03 15:30:00,1044.22
buy,3925.46,3918.8364285714283,3934.2914285714287,1.5765156225657333,4,22688,2025-10-06 09:30:00,0.328,0.629,tp,13.92,22693,2025-10-06 09:55:00,1058.14
buy,3938.52,3933.6364285714285,3945.031428571429,2.166732449850307,4,22732,2025-10-06 13:10:00,0.328,0.635,tp,14.11,22737,2025-10-06 13:35:00,1072.25
buy,3974.97,3966.5517857142854,3986.1942857142853,1.2737235662258632,0,23079,2025-10-07 19:05:00,0.583,0.328,sl,-10.72,23080,2025-10-07 19:10:00,1061.53
buy,4037.91,4033.8546428571426,4043.3171428571427,2.6175877408819304,1,23305,2025-10-08 14:55:00,0.269,0.722,tp,14.15,23307,2025-10-08 15:05:00,1075.68
buy,4032.32,4026.0564285714286,4040.671428571429,1.7173572574799747,1,23523,2025-10-09 10:05:00,0.323,0.625,sl,-10.76,23525,2025-10-09 10:15:00,1064.92
buy,4027.55,4021.0239285714288,4036.2514285714287,1.6317967200715717,11,23525,2025-10-09 10:15:00,0.375,0.562,tp,14.2,23537,2025-10-09 11:15:00,1079.12
sell,3971.67,3976.605,3965.09,2.186669012791021,2,23780,2025-10-10 08:30:00,0.605,0.388,sl,-10.79,23783,2025-10-10 08:45:00,1068.33
buy,3990.64,3984.2017857142855,3999.2242857142855,1.6593575467109425,10,23856,2025-10-10 14:50:00,0.3,0.69,sl,-10.68,23867,2025-10-10 15:45:00,1057.65
sell,4137.57,4146.439285714286,4125.744285714285,1.1924823270360017,13,24369,2025-10-14 11:45:00,0.401,0.575,tp,14.1,24383,2025-10-14 12:55:00,1071.75
buy,4190.22,4180.097142857143,4203.717142857143,1.0587412100529388,0,24729,2025-10-15 18:45:00,0.573,0.256,sl,-10.72,24730,2025-10-15 18:50:00,1061.03
buy,4237.08,4229.588571428571,4247.068571428571,1.4163268139380214,5,24968,2025-10-16 15:40:00,0.322,0.656,tp,14.15,24974,2025-10-16 16:10:00,1075.18
buy,4248.45,4241.442857142857,4257.7928571428565,1.534403136212351,1,25437,2025-10-20 08:45:00,0.331,0.648,sl,-10.75,25439,2025-10-20 08:55:00,1064.43
buy,4105.5,4096.068214285714,4118.075714285714,1.128552373704426,1,26326,2025-10-23 13:50:00,0.532,0.3,tp,14.19,26328,2025-10-23 14:00:00,1078.62
buy,4117.86,4108.349999999999,4130.54,1.1341942879295897,10,26328,2025-10-23 14:00:00,0.578,0.316,sl,-10.79,26339,2025-10-23 14:55:00,1067.83
buy,4128.79,4121.608214285714,4138.365714285715,1.4868622131383362,11,26396,2025-10-23 19:40:00,0.259,0.734,sl,-10.68,26408,2025-10-23 22:35:00,1057.15
sell,4116.83,4123.142857142857,4108.412857142856,1.6746050645825292,2,26498,2025-10-24 07:05:00,0.242,0.751,tp,14.1,26501,2025-10-24 07:20:00,1071.25
sell,4079.81,4086.6510714285714,4070.6885714285713,1.5659091643529406,17,26793,2025-10-27 07:40:00,0.374,0.601,tp,14.28,26811,2025-10-27 09:10:00,1085.53
sell,4038.33,4047.1242857142856,4026.6042857142857,1.2343617301720484,2,26884,2025-10-27 15:15:00,0.42,0.522,tp,14.47,26887,2025-10-27 15:30:00,1100.01
sell,3996.83,4004.5753571428572,3986.502857142857,1.4202143628443744,0,26933,2025-10-27 19:20:00,0.403,0.554,sl,-11.0,26934,2025-10-27 19:25:00,1089.01
sell,4008.41,4016.378214285714,3997.785714285714,1.3666884943811206,10,26942,2025-10-27 20:05:00,0.554,0.428,tp,14.52,26953,2025-10-27 21:00:00,1103.53
buy,3956.84,3949.229642857143,3966.9871428571428,1.4500328261037707,25,27228,2025-10-28 20:55:00,0.342,0.648,sl,-11.04,27254,2025-10-29 00:05:00,1092.49
buy,4017.48,4010.7096428571426,4026.507142857143,1.6136393942358724,1,27421,2025-10-29 14:00:00,0.405,0.59,tp,14.57,27423,2025-10-29 14:10:00,1107.06
buy,4018.54,4009.572142857143,4030.497142857143,1.2344733369102983,1,27437,2025-10-29 15:20:00,0.298,0.49,sl,-11.07,27439,2025-10-29 15:30:00,1095.99
sell,3987.29,3997.889642857143,3973.157142857143,1.033985283699558,3,27496,2025-10-29 20:15:00,0.707,0.256,tp,14.61,27500,2025-10-29 20:35:00,1110.6
sell,3996.85,4003.651428571429,3987.7814285714285,1.6328931890035436,3,27891,2025-10-31 07:10:00,0.307,0.651,sl,-11.11,27895,2025-10-31 07:30:00,1099.49
sell,4009.48,4017.073214285714,3999.3557142857144,1.4479963177871178,12,27903,2025-10-31 08:10:00,0.192,0.793,sl,-10.99,27916,2025-10-31 09:15:00,1088.5
sell,4003.78,4011.2103571428574,3993.8728571428574,1.464935891148573,6,28053,2025-10-31 20:40:00,0.627,0.37,tp,14.51,28060,2025-10-31 21:15:00,1103.01
buy,4010.26,4002.9957142857143,4019.9457142857145,1.51840533095133,1,28268,2025-11-03 16:35:00,0.334,0.634,tp,14.71,28270,2025-11-03 16:45:00,1117.72
sell,3965.34,3973.2289285714287,3954.821428571429,1.416820859129213,13,28570,2025-11-04 18:45:00,0.551,0.408,tp,14.9,28584,2025-11-04 19:55:00,1132.62
buy,3969.86,3964.006785714286,3977.6642857142856,1.9350441171966315,3,28761,2025-11-05 11:40:00,0.361,0.613,sl,-11.33,28765,2025-11-05 12:00:00,1121.3
buy,3997.61,3992.9289285714285,4003.8514285714286,2.3953844248391887,2,29006,2025-11-06 09:05:00,0.487,0.339,tp,14.95,29009,2025-11-06 09:20:00,1136.25
sell,3989.14,3995.690714285714,3980.405714285714,1.7345393653066354,27,29144,2025-11-06 20:35:00,0.64,0.306,tp,15.15,29172,2025-11-06 22:55:00,1151.4
sell,3992.96,3998.7564285714284,3985.2314285714288,1.986390633742082,0,29371,2025-11-07 16:30:00,0.672,0.309,tp,15.35,29372,2025-11-07 16:35:00,1166.75
buy,4085.55,4079.082857142857,4094.1728571428575,1.8041183409969401,2,29588,2025-11-10 11:35:00,0.309,0.655,sl,-11.67,29591,2025-11-10 11:50:00,1155.08
buy,4141.0,4136.7775,4146.63,2.735539640496314,1,29811,2025-11-11 07:10:00,0.409,0.544,sl,-11.55,29813,2025-11-11 07:20:00,1143.53
sell,4113.98,4118.974999999999,4107.32,2.289350945080197,12,29958,2025-11-11 19:25:00,0.347,0.5,tp,15.25,29971,2025-11-11 20:30:00,1158.78
buy,4229.85,4223.4857142857145,4238.335714285715,1.8207508688063234,1,30434,2025-11-13 13:05:00,0.348,0.634,sl,-11.59,30436,2025-11-13 13:15:00,1147.19
buy,4225.45,4218.5542857142855,4234.644285714286,1.6636276505753,8,30437,2025-11-13 13:20:00,0.337,0.53,tp,15.3,30446,2025-11-13 14:05:00,1162.49
buy,4232.39,4221.458214285714,4246.965714285715,1.0633998817233985,1,30468,2025-11-13 15:55:00,0.447,0.33,sl,-11.62,30470,2025-11-13 16:05:00,1150.86
buy,4194.22,4186.923571428572,4203.948571428571,1.577293730292636,3,30645,2025-11-14 07:40:00,0.346,0.582,sl,-11.51,30649,2025-11-14 08:00:00,1139.35
sell,4177.78,4186.738214285714,4165.835714285714,1.2718522425856793,15,30682,2025-11-14 10:45:00,0.7,0.273,tp,15.19,30698,2025-11-14 12:05:00,1154.54
sell,4023.8,4030.1675000000005,4015.31,1.8131823470068815,1,31199,2025-11-18 07:50:00,0.3,0.676,tp,15.39,31201,2025-11-18 08:00:00,1169.94
sell,4015.74,4022.7825,4006.3499999999995,1.661253500295024,11,31201,2025-11-18 08:00:00,0.349,0.62,tp,15.6,31213,2025-11-18 09:00:00,1185.54
buy,4033.77,4026.6492857142857,4043.2642857142855,1.6649129572983936,3,31281,2025-11-18 14:40:00,0.314,0.674,tp,15.81,31285,2025-11-18 15:00:00,1201.34
buy,4044.76,4037.2942857142857,4054.714285714286,1.6091482492911604,6,31285,2025-11-18 15:00:00,0.83,0.154,tp,16.02,31292,2025-11-18 15:35:00,1217.36
buy,4088.07,4082.7975,4095.1000000000004,2.3088895755080694,2,31506,2025-11-19 10:25:00,0.328,0.621,sl,-12.17,31509,2025-11-19 10:40:00,1205.19
buy,4107.24,4099.939285714286,4116.9742857142855,1.6507815005965407,2,31567,2025-11-19 15:30:00,0.316,0.4,tp,16.07,31570,2025-11-19 15:45:00,1221.26
sell,4081.59,4089.7435714285716,4070.7185714285715,1.4978192045990375,2,31628,2025-11-19 20:35:00,0.582,0.337,sl,-12.21,31631,2025-11-19 20:50:00,1209.05
sell,4044.23,4053.4710714285716,4031.9085714285716,1.308338562959836,0,32033,2025-11-21 08:20:00,0.405,0.564,tp,16.12,32034,2025-11-21 08:25:00,1225.17
sell,4058.11,4068.156785714286,4044.714285714286,1.2194602794357543,10,32067,2025-11-21 11:10:00,0.591,0.367,tp,16.34,32078,2025-11-21 12:05:00,1241.5
buy,4066.08,4055.634642857143,4080.0071428571428,1.1885674524709615,10,32146,2025-11-21 17:45:00,0.27,0.675,tp,16.55,32157,2025-11-21 18:40:00,1258.05
buy,4090.35,4085.6153571428567,4096.662857142857,2.657126502691511,3,32451,2025-11-24 20:10:00,0.316,0.673,tp,16.77,32455,2025-11-24 20:30:00,1274.83
buy,4141.75,4135.966428571429,4149.461428571429,2.2042237697172635,5,32592,2025-11-25 08:55:00,0.264,0.71,sl,-12.75,32598,2025-11-25 09:25:00,1262.08
buy,4153.41,4148.353928571429,4160.151428571428,2.4961678130630336,0,32863,2025-11-26 08:30:00,0.645,0.309,sl,-12.62,32864,2025-11-26 08:35:00,1249.46
buy,4157.63,4152.082142857143,4165.027142857143,2.2521478854276857,39,33177,2025-11-27 11:40:00,0.515,0.37,sl,-12.49,33217,2025-11-27 15:00:00,1236.96
buy,4183.14,4177.929642857143,4190.087142857143,2.374050078806964,1,33398,2025-11-28 07:10:00,0.532,0.427,sl,-12.37,33400,2025-11-28 07:20:00,1224.6
buy,4183.71,4178.3721428571425,4190.8271428571425,2.2941701079696477,26,33400,2025-11-28 07:20:00,0.501,0.373,sl,-12.25,33427,2025-11-28 09:35:00,1212.35
sell,4175.93,4182.639285714286,4166.984285714286,1.8069722010740665,28,33473,2025-11-28 13:30:00,0.588,0.403,sl,-12.12,33502,2025-11-28 15:55:00,1200.23
buy,4253.74,4246.882857142857,4262.882857142857,1.7503292693585637,3,33744,2025-12-01 15:20:00,0.37,0.541,tp,16.0,33748,2025-12-01 15:40:00,1216.23
sell,4238.53,4244.648928571428,4230.371428571429,1.987649930814453,11,33810,2025-12-01 20:50:00,0.153,0.845,tp,16.22,33822,2025-12-01 21:50:00,1232.45
sell,4204.27,4209.755714285715,4196.955714285715,2.24664485773668,5,34009,2025-12-02 14:25:00,0.653,0.325,sl,-12.32,34015,2025-12-02 14:55:00,1220.12
sell,4203.4,4207.395357142857,4198.072857142856,3.053846461489506,1,34277,2025-12-03 13:45:00,0.631,0.285,sl,-12.2,34279,2025-12-03 13:55:00,1207.92
sell,4192.36,4197.313214285714,4185.755714285714,2.438657910522877,5,34513,2025-12-04 10:25:00,0.715,0.277,tp,16.11,34519,2025-12-04 10:55:00,1224.03
buy,4196.36,4191.478571428571,4202.868571428571,2.507514133878655,1,34560,2025-12-04 14:20:00,0.362,0.624,sl,-12.24,34562,2025-12-04 14:30:00,1211.78
buy,4224.26,4219.681785714286,4230.364285714286,2.646850468058128,5,34791,2025-12-05 10:35:00,0.298,0.683,sl,-12.12,34797,2025-12-05 11:05:00,1199.67
buy,4214.13,4210.0725,4219.54,2.9566654685799962,25,35031,2025-12-08 07:35:00,0.316,0.647,sl,-12.0,35057,2025-12-08 09:45:00,1187.67
buy,4211.87,4207.011071428571,4218.348571428571,2.444305007324474,3,35062,2025-12-08 10:10:00,0.405,0.567,sl,-11.88,35066,2025-12-08 10:30:00,1175.79
sell,4208.37,4212.995357142857,4202.202857142857,2.5420602214814214,7,35107,2025-12-08 13:55:00,0.628,0.32,sl,-11.76,35115,2025-12-08 14:35:00,1164.04
sell,4185.93,4190.1728571428575,4180.272857142857,2.743518494033646,1,35342,2025-12-09 10:30:00,0.592,0.302,sl,-11.64,35344,2025-12-09 10:40:00,1152.4
buy,4206.94,4201.546428571428,4214.131428571428,2.13660903933437,19,35459,2025-12-09 20:15:00,0.375,0.592,tp,15.37,35479,2025-12-09 21:55:00,1167.76
sell,4196.19,4198.981071428571,4192.4685714285715,4.183915202582983,1,35658,2025-12-10 13:50:00,0.384,0.57,sl,-11.68,35660,2025-12-10 14:00:00,1156.08
sell,4197.26,4200.3435714285715,4193.148571428572,3.7491689060816626,6,35666,2025-12-10 14:30:00,0.228,0.757,sl,-11.56,35673,2025-12-10 15:05:00,1144.52
sell,4217.48,4221.18607142857,4212.538571428571,3.0882356260732555,15,35884,2025-12-11 09:40:00,0.686,0.299,tp,15.26,35900,2025-12-11 11:00:00,1159.78
sell,4209.2,4213.622857142857,4203.302857142857,2.622247203890283,1,35951,2025-12-11 15:15:00,0.265,0.723,sl,-11.6,35953,2025-12-11 15:25:00,1148.18
buy,4336.27,4330.123214285715,4344.465714285715,1.867943192101155,0,36229,2025-12-12 15:25:00,0.274,0.684,tp,15.31,36230,2025-12-12 15:30:00,1163.49
sell,4319.0,4322.932142857143,4313.757142857143,2.958930597908547,6,37029,2025-12-17 14:30:00,0.447,0.55,sl,-11.63,37036,2025-12-17 15:05:00,1151.86
buy,4333.66,4321.860357142857,4349.392857142857,0.9761811079071101,72,37079,2025-12-17 18:40:00,0.734,0.239,timeout,3.92,37151,2025-12-18 02:25:00,1155.78
sell,4331.24,4334.728571428571,4326.588571428571,3.3130555456238304,1,37241,2025-12-18 09:55:00,0.583,0.399,tp,15.41,37243,2025-12-18 10:05:00,1171.19
sell,4325.8,4328.872857142857,4321.702857142857,3.8114154955731925,9,37284,2025-12-18 13:30:00,0.696,0.297,tp,15.62,37294,2025-12-18 14:20:00,1186.81
sell,4318.53,4321.4292857142855,4314.664285714286,4.093454608224208,3,37478,2025-12-19 07:10:00,0.407,0.557,sl,-11.87,37482,2025-12-19 07:30:00,1174.94
buy,4330.27,4322.061785714286,4341.214285714286,1.4314213925278838,2,37594,2025-12-19 16:50:00,0.319,0.61,tp,15.67,37597,2025-12-19 17:05:00,1190.61
buy,4484.52,4479.703928571429,4490.941428571429,2.472154440934016,0,38016,2025-12-23 07:35:00,0.327,0.507,sl,-11.91,38017,2025-12-23 07:40:00,1178.7
buy,4482.03,4477.024285714286,4488.704285714285,2.3547112307103775,24,38065,2025-12-23 11:40:00,0.382,0.601,tp,15.72,38090,2025-12-23 13:45:00,1194.42
buy,4510.53,4504.584642857143,4518.457142857142,2.0089914726036358,0,38577,2025-12-26 13:20:00,0.305,0.476,sl,-11.94,38578,2025-12-26 13:25:00,1182.47
buy,4371.71,4360.142857142858,4387.132857142857,1.0222688722362445,0,39148,2025-12-30 16:40:00,0.338,0.529,sl,-11.82,39149,2025-12-30 16:45:00,1170.65
sell,4372.96,4381.253928571428,4361.901428571428,1.4114520859340725,26,39179,2025-12-30 19:15:00,0.547,0.402,tp,15.61,39206,2025-12-30 21:30:00,1186.26
sell,4325.62,4335.396785714285,4312.584285714286,1.213340413352907,6,39367,2025-12-31 11:55:00,0.605,0.25,tp,15.82,39374,2025-12-31 12:30:00,1202.07
buy,4324.38,4314.034285714286,4338.174285714285,1.1619049663908,39,39442,2025-12-31 18:10:00,0.311,0.652,sl,-12.02,39482,2025-12-31 21:30:00,1190.05
buy,4442.7,4433.645357142857,4454.772857142857,1.31430136219563,57,40006,2026-01-05 19:10:00,0.308,0.664,tp,15.87,40064,2026-01-06 01:00:00,1205.92
buy,4458.31,4451.542857142857,4467.332857142857,1.782022845061234,7,40152,2026-01-06 08:20:00,0.843,0.074,tp,16.08,40160,2026-01-06 09:00:00,1222.0
buy,4461.48,4454.766428571428,4470.431428571428,1.8201925268537706,1,40240,2026-01-06 15:40:00,0.438,0.545,sl,-12.22,40242,2026-01-06 15:50:00,1209.78
buy,4468.23,4460.477142857142,4478.567142857142,1.5604302251979785,6,40243,2026-01-06 15:55:00,0.446,0.537,tp,16.13,40250,2026-01-06 16:30:00,1225.91
sell,4433.82,4441.103571428572,4424.108571428571,1.6831161249866422,11,40718,2026-01-08 09:30:00,0.624,0.339,tp,16.35,40730,2026-01-08 10:30:00,1242.26
sell,4428.78,4437.3975,4417.289999999999,1.441549305387112,13,40791,2026-01-08 15:35:00,0.369,0.571,sl,-12.42,40805,2026-01-08 16:45:00,1229.83
buy,4449.64,4444.3546428571435,4456.687142857143,2.3268674746801876,16,40851,2026-01-08 20:35:00,0.369,0.63,tp,16.4,40868,2026-01-08 22:00:00,1246.23
buy,4470.91,4465.8025,4477.719999999999,2.4400006466606055,35,41012,2026-01-09 11:00:00,0.317,0.625,tp,16.62,41048,2026-01-09 14:00:00,1262.85
buy,4492.34,4484.1221428571425,4503.297142857143,1.5367104985309437,2,41124,2026-01-09 20:20:00,0.404,0.589,tp,16.84,41127,2026-01-09 20:35:00,1279.68
buy,4590.41,4585.023928571428,4597.591428571429,2.3759148167989217,2,41319,2026-01-12 13:35:00,0.258,0.725,sl,-12.8,41322,2026-01-12 13:50:00,1266.89
buy,4585.79,4580.8475,4592.38,2.563253099113089,2,41322,2026-01-12 13:50:00,0.286,0.701,sl,-12.67,41325,2026-01-12 14:05:00,1254.22
buy,4610.29,4603.0310714285715,4619.9685714285715,1.727829325571522,17,41403,2026-01-12 20:35:00,0.605,0.305,sl,-12.54,41421,2026-01-12 22:05:00,1241.68
sell,4588.27,4592.420714285715,4582.7357142857145,2.9914773474287313,4,41599,2026-01-13 13:55:00,0.621,0.354,tp,16.56,41604,2026-01-13 14:20:00,1258.23
buy,4609.04,4597.452499999999,4624.490000000001,1.0858532612597955,13,41656,2026-01-13 18:40:00,0.328,0.572,sl,-12.58,41670,2026-01-13 19:50:00,1245.65
buy,4633.25,4624.465357142857,4644.962857142857,1.4179860946847096,21,41807,2026-01-14 08:15:00,0.26,0.721,sl,-12.46,41829,2026-01-14 10:05:00,1233.19
buy,4625.31,4619.607857142858,4632.912857142857,2.162684575426078,3,41833,2026-01-14 10:25:00,0.695,0.269,tp,16.44,41837,2026-01-14 10:45:00,1249.64
buy,4635.92,4630.003571428571,4643.808571428572,2.1121462165680502,10,41878,2026-01-14 14:10:00,0.268,0.692,sl,-12.5,41889,2026-01-14 15:05:00,1237.14
buy,4609.53,4601.804999999999,4619.83,1.6014755469916206,10,42211,2026-01-15 19:05:00,0.335,0.507,tp,16.5,42222,2026-01-15 20:00:00,1253.64
sell,4599.27,4601.908928571429,4595.751428571429,4.750545625819874,0,42343,2026-01-16 07:05:00,0.452,0.535,tp,16.72,42344,2026-01-16 07:10:00,1270.35
sell,4600.14,4603.085357142858,4596.2128571428575,4.313059947160588,1,42346,2026-01-16 07:20:00,0.42,0.573,sl,-12.7,42348,2026-01-16 07:30:00,1257.65
sell,4603.08,4606.580357142857,4598.412857142857,3.592909634771766,0,42349,2026-01-16 07:35:00,0.598,0.382,sl,-12.58,42350,2026-01-16 07:40:00,1245.07
buy,4600.1,4595.262500000001,4606.55,2.573788575643769,7,42396,2026-01-16 11:30:00,0.563,0.428,tp,16.6,42404,2026-01-16 12:10:00,1261.67
sell,4608.5,4618.5425,4595.11,1.2563317498437008,4,42458,2026-01-16 16:40:00,0.477,0.369,sl,-12.62,42463,2026-01-16 17:05:00,1249.05
sell,4582.44,4589.837142857143,4572.5771428571425,1.6885633714326906,7,42509,2026-01-16 20:55:00,0.565,0.409,sl,-12.49,42517,2026-01-16 21:35:00,1236.56
buy,4669.62,4664.297142857143,4676.717142857143,2.3231205920305684,9,42654,2026-01-19 10:00:00,0.801,0.189,sl,-12.37,42664,2026-01-19 10:50:00,1224.2
buy,4721.87,4717.068928571428,4728.271428571429,2.5498438898001763,1,42964,2026-01-20 15:20:00,0.259,0.728,sl,-12.24,42966,2026-01-20 15:30:00,1211.96
buy,4866.52,4860.615357142858,4874.392857142858,2.052547988657961,2,43224,2026-01-21 14:00:00,0.332,0.636,sl,-12.12,43227,2026-01-21 14:15:00,1199.84
buy,4967.09,4955.438214285715,4982.625714285714,1.0297449237553407,9,43859,2026-01-23 20:55:00,0.319,0.536,tp,16.0,43869,2026-01-23 21:45:00,1215.83
buy,5060.25,5052.021428571428,5071.221428571428,1.477576700492584,6,43970,2026-01-26 07:10:00,0.262,0.726,tp,16.21,43977,2026-01-26 07:45:00,1232.05
buy,5064.04,5056.653571428572,5073.888571428571,1.6679856271997002,5,44246,2026-01-27 07:10:00,0.859,0.139,tp,16.43,44252,2026-01-27 07:40:00,1248.47
buy,5079.75,5071.266428571429,5091.061428571428,1.4716360384903717,7,44291,2026-01-27 10:55:00,0.255,0.735,tp,16.65,44299,2026-01-27 11:35:00,1265.12
sell,5011.7,5022.778571428571,4996.928571428571,1.1419516126502154,12,46812,2026-02-09 14:00:00,0.421,0.512,sl,-12.65,46825,2026-02-09 15:05:00,1252.47
buy,5050.36,5039.886785714285,5064.324285714285,1.1958774299800012,7,46888,2026-02-09 20:20:00,0.386,0.604,tp,16.7,46896,2026-02-09 21:00:00,1269.17
sell,5026.53,5036.500714285714,5013.2357142857145,1.2728953975674275,4,47158,2026-02-10 19:50:00,0.671,0.257,tp,16.92,47163,2026-02-10 20:15:00,1286.09
buy,5053.52,5047.9325,5060.97,2.3017268323473306,1,47285,2026-02-11 07:25:00,0.304,0.691,tp,17.15,47287,2026-02-11 07:35:00,1303.24
buy,4967.85,4958.851071428572,4979.848571428572,1.4482143314405107,2,47838,2026-02-13 07:30:00,0.348,0.639,sl,-13.03,47841,2026-02-13 07:45:00,1290.21
buy,4973.69,4962.805357142857,4988.202857142856,1.1853446843263367,11,47889,2026-02-13 11:45:00,0.301,0.688,sl,-12.9,47901,2026-02-13 12:45:00,1277.3
sell,4970.07,4980.973928571429,4955.531428571428,1.171415690438209,8,47925,2026-02-13 14:45:00,0.36,0.617,sl,-12.77,47934,2026-02-13 15:30:00,1264.53
sell,4990.03,4997.106785714285,4980.594285714285,1.7868709321384455,4,48122,2026-02-16 08:10:00,0.432,0.56,sl,-12.65,48127,2026-02-16 08:35:00,1251.88
sell,4997.18,5002.767500000001,4989.7300000000005,2.2405100060796173,0,48127,2026-02-16 08:35:00,0.409,0.554,sl,-12.52,48128,2026-02-16 08:40:00,1239.37
sell,4997.29,5003.131428571429,4989.501428571429,2.121683251080095,6,48133,2026-02-16 09:05:00,0.599,0.38,sl,-12.39,48140,2026-02-16 09:40:00,1226.97
buy,5002.97,4996.376428571429,5011.761428571429,1.8608617019889873,10,48184,2026-02-16 13:20:00,0.313,0.662,sl,-12.27,48195,2026-02-16 14:15:00,1214.7
sell,4992.49,4998.9325,4983.9,1.8854524338765664,30,48252,2026-02-16 19:00:00,0.656,0.336,sl,-12.15,48283,2026-02-17 01:05:00,1202.56
sell,4907.85,4919.052857142858,4892.912857142857,1.0734366134325597,1,48383,2026-02-17 09:25:00,0.35,0.534,sl,-12.03,48385,2026-02-17 09:35:00,1190.53
sell,4919.58,4929.804642857142,4905.947142857143,1.164373331001872,6,48385,2026-02-17 09:35:00,0.187,0.755,sl,-11.91,48392,2026-02-17 10:10:00,1178.62
buy,4995.98,4988.422142857143,5006.057142857142,1.5594695989188265,1,48965,2026-02-19 11:55:00,0.819,0.159,sl,-11.79,48967,2026-02-19 12:05:00,1166.84
sell,4979.29,4989.471785714286,4965.714285714285,1.146005847128797,4,49015,2026-02-19 16:05:00,0.63,0.296,tp,15.56,49020,2026-02-19 16:30:00,1182.4
buy,4991.53,4981.529285714285,5004.864285714286,1.182311993372065,2,49059,2026-02-19 19:45:00,0.612,0.348,sl,-11.82,49062,2026-02-19 20:00:00,1170.57
buy,5007.25,4998.982857142857,5018.272857142857,1.4159335335243572,3,49219,2026-02-20 10:05:00,0.584,0.398,tp,15.61,49223,2026-02-20 10:25:00,1186.18
buy,5023.39,5015.607142857143,5033.767142857143,1.5240933902261813,2,49267,2026-02-20 14:05:00,0.367,0.547,sl,-11.86,49270,2026-02-20 14:20:00,1174.32
buy,5155.61,5149.484642857143,5163.777142857142,1.9171425997441631,13,49464,2026-02-23 07:30:00,0.319,0.675,sl,-11.74,49478,2026-02-23 08:40:00,1162.58
sell,5146.6,5153.670357142858,5137.1728571428575,1.6442947719819692,7,49514,2026-02-23 11:40:00,0.565,0.426,sl,-11.63,49522,2026-02-23 12:20:00,1150.95
buy,5149.84,5141.549285714286,5160.894285714286,1.3882391042009707,1,49564,2026-02-23 15:50:00,0.369,0.486,sl,-11.51,49566,2026-02-23 16:00:00,1139.44
buy,5150.6,5142.308214285715,5161.655714285715,1.3741791247478479,2,49567,2026-02-23 16:05:00,0.287,0.6,tp,15.19,49570,2026-02-23 16:20:00,1154.63
sell,5177.6,5185.9400000000005,5166.4800000000005,1.3844513373212968,1,49750,2026-02-24 08:20:00,0.37,0.61,tp,15.4,49752,2026-02-24 08:30:00,1170.03
sell,5147.19,5157.970714285714,5132.8157142857135,1.0852968395121905,7,49868,2026-02-24 18:10:00,0.569,0.323,tp,15.6,49876,2026-02-24 18:50:00,1185.63
buy,5185.1,5177.4628571428575,5195.282857142857,1.5524495262571405,6,50045,2026-02-25 09:55:00,0.373,0.606,tp,15.81,50052,2026-02-25 10:30:00,1201.44
sell,5183.67,5190.233571428571,5174.918571428571,1.8304611534667548,8,50101,2026-02-25 14:35:00,0.598,0.384,sl,-12.01,50110,2026-02-25 15:20:00,1189.42
sell,5175.54,5184.4349999999995,5163.68,1.3371803150898107,11,50382,2026-02-26 15:00:00,0.5,0.389,tp,15.86,50394,2026-02-26 16:00:00,1205.28
buy,5350.24,5340.048571428571,5363.828571428571,1.1826417075504927,4,50789,2026-03-02 07:20:00,0.304,0.685,tp,16.07,50794,2026-03-02 07:45:00,1221.35
buy,5378.72,5366.846428571429,5394.551428571429,1.0286300692880148,3,50867,2026-03-02 13:50:00,0.377,0.545,tp,16.28,50871,2026-03-02 14:10:00,1237.64
buy,5175.84,5168.651785714286,5185.424285714285,1.7217571630478794,3,51615,2026-03-05 07:10:00,0.297,0.694,sl,-12.38,51619,2026-03-05 07:30:00,1225.26
buy,5128.17,5122.083214285714,5136.285714285715,2.0129829464563858,1,51893,2026-03-06 07:20:00,0.448,0.548,sl,-12.25,51895,2026-03-06 07:30:00,1213.01
buy,5119.14,5109.586071428572,5131.878571428571,1.2696420946092437,9,51904,2026-03-06 08:15:00,0.832,0.146,sl,-12.13,51914,2026-03-06 09:05:00,1200.88
sell,5084.56,5094.748214285715,5070.975714285714,1.1786922465089564,1,51970,2026-03-06 13:45:00,0.68,0.285,tp,16.01,51972,2026-03-06 13:55:00,1216.89
buy,5091.09,5083.580357142857,5101.102857142857,1.6204347314901357,6,52317,2026-03-09 19:40:00,0.651,0.345,tp,16.23,52324,2026-03-09 20:15:00,1233.11
buy,5176.41,5167.523571428572,5188.2585714285715,1.3876370942997966,9,52462,2026-03-10 09:40:00,0.33,0.635,tp,16.44,52472,2026-03-10 10:30:00,1249.56
sell,5203.55,5211.458214285714,5193.005714285715,1.5800726488177264,3,52711,2026-03-11 08:20:00,0.491,0.328,tp,16.66,52715,2026-03-11 08:40:00,1266.22
sell,5177.19,5187.092142857142,5163.987142857143,1.2787293266828745,4,52786,2026-03-11 14:35:00,0.558,0.42,tp,16.88,52791,2026-03-11 15:00:00,1283.1
sell,5167.81,5175.595,5157.43,1.6481681791492837,1,52845,2026-03-11 19:30:00,0.274,0.722,tp,17.11,52847,2026-03-11 19:40:00,1300.21
buy,5179.9,5173.958928571428,5187.821428571428,2.188505775093699,5,53050,2026-03-12 13:35:00,0.252,0.741,sl,-13.0,53056,2026-03-12 14:05:00,1287.2
buy,5171.61,5161.283571428571,5185.3785714285705,1.2465150319221348,0,53072,2026-03-12 15:25:00,0.329,0.528,sl,-12.87,53073,2026-03-12 15:30:00,1274.33
sell,5089.28,5100.203214285714,5074.715714285714,1.166628029317178,31,53298,2026-03-13 11:15:00,0.418,0.545,sl,-12.74,53330,2026-03-13 13:55:00,1261.59
sell,5002.85,5008.815714285714,4994.895714285714,2.1147333030352766,8,53950,2026-03-17 19:35:00,0.316,0.678,sl,-12.62,53959,2026-03-17 20:20:00,1248.97
buy,4853.17,4848.678571428572,4859.158571428572,2.780793578479751,1,54351,2026-03-19 07:00:00,0.438,0.556,sl,-12.49,54353,2026-03-19 07:10:00,1236.48
buy,4850.87,4845.872857142856,4857.532857142857,2.474381606812981,3,54353,2026-03-19 07:10:00,0.28,0.71,sl,-12.36,54357,2026-03-19 07:30:00,1224.12
buy,4721.0,4713.421785714286,4731.104285714286,1.6153132554835852,2,54630,2026-03-20 07:15:00,0.449,0.547,sl,-12.24,54633,2026-03-20 07:30:00,1211.88
buy,4709.78,4699.891785714285,4722.964285714285,1.2255780203136388,0,54635,2026-03-20 07:40:00,0.334,0.66,sl,-12.12,54636,2026-03-20 07:45:00,1199.76
sell,4518.1,4524.105357142857,4510.092857142858,1.997814621584366,1,55731,2026-03-26 07:00:00,0.585,0.411,tp,16.0,55733,2026-03-26 07:10:00,1215.76
sell,4429.36,4440.346428571428,4414.711428571428,1.1065978447467784,4,56096,2026-03-27 14:25:00,0.375,0.536,sl,-12.16,56101,2026-03-27 14:50:00,1203.6
buy,4560.28,4550.018928571429,4573.961428571428,1.1729752278410082,12,56536,2026-03-31 07:05:00,0.295,0.698,sl,-12.04,56549,2026-03-31 08:10:00,1191.56
buy,4577.84,4567.123571428571,4592.128571428572,1.1119024114639384,3,56554,2026-03-31 08:35:00,0.25,0.703,sl,-11.92,56558,2026-03-31 08:55:00,1179.65
sell,4651.29,4661.596071428571,4637.548571428571,1.1446133111828978,0,57640,2026-04-07 11:05:00,0.384,0.596,sl,-11.8,57641,2026-04-07 11:10:00,1167.85
buy,4801.32,4792.306071428571,4813.338571428571,1.2956062148894982,10,57861,2026-04-08 07:30:00,0.305,0.665,tp,15.57,57872,2026-04-08 08:25:00,1183.42
buy,4809.24,4798.125,4824.0599999999995,1.06470672389407,11,57899,2026-04-08 10:40:00,0.307,0.689,sl,-11.83,57911,2026-04-08 11:40:00,1171.59
sell,4798.21,4809.076428571429,4783.721428571429,1.0781714531788753,4,57950,2026-04-08 14:55:00,0.686,0.296,tp,15.62,57955,2026-04-08 15:20:00,1187.21
sell,4769.26,4780.7071428571435,4753.997142857143,1.0371220900269782,0,57955,2026-04-08 15:20:00,0.675,0.258,sl,-11.87,57956,2026-04-08 15:25:00,1175.34
sell,4760.04,4768.631785714286,4748.584285714286,1.3679768407220336,3,58011,2026-04-08 20:00:00,0.728,0.271,tp,15.67,58015,2026-04-08 20:20:00,1191.01
sell,4720.24,4726.241071428572,4712.238571428571,1.984658162749418,1,58134,2026-04-09 08:15:00,0.382,0.61,sl,-11.91,58136,2026-04-09 08:25:00,1179.1
sell,4713.35,4724.523928571429,4698.4514285714295,1.0552219451399651,2,58159,2026-04-09 10:20:00,0.593,0.372,sl,-11.79,58162,2026-04-09 10:35:00,1167.31
sell,4802.75,4809.448571428571,4793.818571428572,1.7426200526561813,2,59265,2026-04-15 14:30:00,0.424,0.552,sl,-11.67,59268,2026-04-15 14:45:00,1155.63
buy,4809.28,4800.470714285714,4821.0257142857145,1.3118355586857207,1,59310,2026-04-15 18:15:00,0.635,0.342,sl,-11.56,59312,2026-04-15 18:25:00,1144.08
buy,4824.4,4818.305714285714,4832.525714285714,1.8772948037762278,2,59464,2026-04-16 09:05:00,0.713,0.183,sl,-11.44,59467,2026-04-16 09:20:00,1132.64
sell,4797.17,4804.711785714286,4787.114285714286,1.5018145070947566,1,60005,2026-04-20 10:10:00,0.548,0.405,sl,-11.33,60007,2026-04-20 10:20:00,1121.31
sell,4785.78,4793.0025,4776.15,1.5525233040032216,2,60278,2026-04-21 10:55:00,0.588,0.289,tp,14.95,60281,2026-04-21 11:10:00,1136.26
sell,4736.61,4742.859642857143,4728.277142857142,1.8181211018085033,14,60657,2026-04-22 20:30:00,0.566,0.417,sl,-11.36,60672,2026-04-22 21:45:00,1124.9
sell,4714.19,4721.168214285714,4704.885714285714,1.6120143379364462,5,60793,2026-04-23 09:50:00,0.645,0.336,tp,15.0,60799,2026-04-23 10:20:00,1139.9
buy,4721.71,4711.2357142857145,4735.675714285714,1.0882811689942098,3,60880,2026-04-23 17:05:00,0.257,0.723,tp,15.2,60884,2026-04-23 17:25:00,1155.1
buy,4731.59,4721.361071428572,4745.228571428571,1.1292437970946416,15,60884,2026-04-23 17:25:00,0.406,0.272,sl,-11.55,60900,2026-04-23 18:45:00,1143.54
buy,4719.59,4711.0142857142855,4731.024285714286,1.3334684689596028,5,60905,2026-04-23 19:10:00,0.703,0.288,tp,15.25,60911,2026-04-23 19:40:00,1158.79
sell,4682.96,4689.187142857143,4674.657142857142,1.860872226524468,2,61048,2026-04-24 09:05:00,0.416,0.534,tp,15.45,61051,2026-04-24 09:20:00,1174.24
sell,4706.74,4712.759285714285,4698.714285714285,1.950800030669537,2,61388,2026-04-27 15:25:00,0.612,0.367,tp,15.66,61391,2026-04-27 15:40:00,1189.9
sell,4698.62,4704.95,4690.179999999999,1.8797769972803142,10,61391,2026-04-27 15:40:00,0.415,0.56,tp,15.87,61402,2026-04-27 16:35:00,1205.76
sell,4593.09,4599.8625,4584.06,1.7803826609604512,9,61705,2026-04-28 19:50:00,0.369,0.626,sl,-12.06,61715,2026-04-28 20:40:00,1193.71
buy,4592.89,4586.6671428571435,4601.187142857143,1.9182611590792626,1,61840,2026-04-29 09:05:00,0.256,0.59,sl,-11.94,61842,2026-04-29 09:15:00,1181.77
sell,4547.33,4557.495714285714,4533.7757142857145,1.1625050805030448,0,61958,2026-04-29 18:55:00,0.566,0.375,sl,-11.82,61959,2026-04-29 19:00:00,1169.95
buy,4635.44,4625.471428571428,4648.731428571428,1.173640339829559,8,62185,2026-04-30 15:50:00,0.269,0.661,sl,-11.7,62194,2026-04-30 16:35:00,1158.25
buy,4620.7,4609.380357142856,4635.792857142857,1.0232233056844113,24,62201,2026-04-30 17:10:00,0.576,0.387,sl,-11.58,62226,2026-04-30 19:15:00,1146.67
sell,4570.14,4575.904285714286,4562.454285714286,1.989265926080185,8,62423,2026-05-01 13:40:00,0.384,0.597,sl,-11.47,62432,2026-05-01 14:25:00,1135.2
sell,4574.05,4579.792857142857,4566.392857142858,1.976721674531289,3,62436,2026-05-01 14:45:00,0.407,0.579,sl,-11.35,62440,2026-05-01 15:05:00,1123.85
sell,4584.46,4590.486785714285,4576.424285714285,1.8647601588859908,1,62441,2026-05-01 15:10:00,0.498,0.416,sl,-11.24,62443,2026-05-01 15:20:00,1112.61
sell,4610.94,4617.869999999999,4601.7,1.6055014123062177,12,62609,2026-05-04 07:10:00,0.272,0.722,tp,14.83,62622,2026-05-04 08:15:00,1127.45
buy,4534.01,4530.083214285714,4539.245714285715,2.8711709622353494,2,62872,2026-05-05 07:05:00,0.301,0.694,sl,-11.27,62875,2026-05-05 07:20:00,1116.17
buy,4532.11,4528.280714285714,4537.215714285714,2.91483300526755,5,62878,2026-05-05 07:35:00,0.315,0.665,tp,14.88,62884,2026-05-05 08:05:00,1131.06
buy,4693.29,4684.245,4705.35,1.2504755590663326,2,63276,2026-05-06 18:45:00,0.259,0.734,sl,-11.31,63279,2026-05-06 19:00:00,1119.74
buy,4696.98,4691.993571428571,4703.6285714285705,2.245584340984536,15,63401,2026-05-07 07:10:00,0.66,0.324,tp,14.93,63417,2026-05-07 08:30:00,1134.67
buy,4715.05,4709.299642857143,4722.717142857144,1.973224430143701,4,63676,2026-05-08 08:05:00,0.319,0.676,tp,15.13,63681,2026-05-08 08:30:00,1149.8
sell,4669.12,4675.153214285714,4661.075714285715,1.905789283751058,4,64013,2026-05-11 14:10:00,0.274,0.674,sl,-11.5,64018,2026-05-11 14:35:00,1138.31
sell,4702.77,4709.0592857142865,4694.384285714285,1.8099121741453839,15,64244,2026-05-12 11:25:00,0.31,0.668,tp,15.18,64260,2026-05-12 12:45:00,1153.48
sell,4699.92,4707.496071428572,4689.818571428572,1.5225343310795543,1,64268,2026-05-12 13:25:00,0.384,0.605,tp,15.38,64270,2026-05-12 13:35:00,1168.86
sell,4678.67,4684.375357142857,4671.062857142857,2.0487107590231806,8,64354,2026-05-12 20:35:00,0.418,0.573,sl,-11.69,64363,2026-05-12 21:20:00,1157.17
sell,4697.75,4703.528214285714,4690.045714285714,2.002649906152492,5,64472,2026-05-13 08:25:00,0.341,0.645,sl,-11.57,64478,2026-05-13 08:55:00,1145.6
sell,4546.55,4556.847500000001,4532.82,1.1125052579794565,12,65545,2026-05-19 09:50:00,0.314,0.593,sl,-11.46,65558,2026-05-19 10:55:00,1134.15
sell,4505.69,4514.189642857142,4494.357142857143,1.3343457902555969,21,65663,2026-05-19 19:40:00,0.712,0.277,tp,15.12,65685,2026-05-19 21:30:00,1149.27
sell,4471.2,4479.764999999999,4459.78,1.3418192839819711,14,65797,2026-05-20 08:50:00,0.422,0.561,sl,-11.49,65812,2026-05-20 10:05:00,1137.78
buy,4485.56,4477.7075,4496.030000000001,1.4489341414367463,5,65890,2026-05-20 16:35:00,0.255,0.714,sl,-11.38,65896,2026-05-20 17:05:00,1126.4
sell,4527.84,4536.238928571429,4516.641428571428,1.3411207984900775,6,66094,2026-05-21 11:35:00,0.592,0.345,sl,-11.26,66101,2026-05-21 12:10:00,1115.13
sell,4526.19,4530.533571428571,4520.398571428571,2.5673200493266157,10,66310,2026-05-22 07:35:00,0.315,0.676,sl,-11.15,66321,2026-05-22 08:30:00,1103.98
sell,4526.73,4533.0075,4518.36,1.758633952068678,1,66356,2026-05-22 11:25:00,0.194,0.794,tp,14.72,66358,2026-05-22 11:35:00,1118.7
sell,4517.57,4526.045,4506.2699999999995,1.3200026307845483,3,66406,2026-05-22 15:35:00,0.357,0.611,sl,-11.19,66410,2026-05-22 15:55:00,1107.52
sell,4514.61,4521.0675,4506.0,1.715083557559393,1,66444,2026-05-22 18:45:00,0.652,0.305,sl,-11.08,66446,2026-05-22 18:55:00,1096.44
sell,4519.87,4525.970714285714,4511.7357142857145,1.7972322647342938,6,66446,2026-05-22 18:55:00,0.43,0.545,sl,-10.96,66453,2026-05-22 19:30:00,1085.48
buy,4561.51,4557.284285714286,4567.1442857142865,2.5687388717654933,15,66567,2026-05-25 07:00:00,0.448,0.549,sl,-10.85,66583,2026-05-25 08:20:00,1074.62
buy,4566.76,4560.373214285714,4575.2757142857145,1.682569208042333,12,66671,2026-05-25 15:40:00,0.398,0.58,sl,-10.75,66684,2026-05-25 16:45:00,1063.87
sell,4540.29,4544.629285714286,4534.504285714285,2.451727678678532,4,66814,2026-05-26 07:00:00,0.716,0.259,tp,14.18,66819,2026-05-26 07:25:00,1078.06
sell,4527.04,4537.347142857143,4513.297142857143,1.0459345523178605,1,66930,2026-05-26 16:40:00,0.312,0.594,tp,14.37,66932,2026-05-26 16:50:00,1092.43
sell,4515.58,4525.073928571429,4502.921428571428,1.150665718527786,20,66932,2026-05-26 16:50:00,0.411,0.51,tp,14.57,66953,2026-05-26 18:35:00,1107.0
sell,4379.85,4388.288571428572,4368.598571428572,1.311832941971361,10,67367,2026-05-28 09:05:00,0.403,0.593,sl,-11.07,67378,2026-05-28 10:00:00,1095.93
sell,4519.56,4525.848214285715,4511.175714285714,1.7428311958523113,6,67890,2026-06-01 08:40:00,0.543,0.402,tp,14.61,67897,2026-06-01 09:15:00,1110.54
sell,4499.97,4505.8435714285715,4492.138571428572,1.8907440056494444,2,67954,2026-06-01 14:00:00,0.382,0.579,sl,-11.11,67957,2026-06-01 14:15:00,1099.44
sell,4474.77,4481.723571428572,4465.498571428572,1.5811106398429302,2,68028,2026-06-01 20:10:00,0.614,0.353,sl,-10.99,68031,2026-06-01 20:25:00,1088.44
buy,4520.52,4513.953214285715,4529.2757142857145,1.6574961612098429,1,68239,2026-06-02 15:45:00,0.306,0.645,sl,-10.88,68241,2026-06-02 15:55:00,1077.56
sell,4438.72,4444.6375,4430.830000000001,1.8209679580544391,18,68559,2026-06-03 20:25:00,0.261,0.734,sl,-10.78,68578,2026-06-03 22:00:00,1066.78
buy,4468.04,4460.2175,4478.47,1.3637356488166428,8,68697,2026-06-04 09:55:00,0.274,0.704,sl,-10.67,68706,2026-06-04 10:40:00,1056.11
